<?xml version="1.0" encoding="UTF-8"?>

<faces-config xmlns="http://java.sun.com/xml/ns/javaee"
	xmlns:xsi="http://www.w3.org/2001/XMLSchema-instance"
	xsi:schemaLocation="http://java.sun.com/xml/ns/javaee http://java.sun.com/xml/ns/javaee/web-facesconfig_2_0.xsd"
	version="2.0">
	<managed-bean>
		<managed-bean-name>create</managed-bean-name>
		<managed-bean-class>eredua.bean.CreateRideBean</managed-bean-class>
		<managed-bean-scope>session</managed-bean-scope>
	</managed-bean>
	<managed-bean>
		<managed-bean-name>query</managed-bean-name>
		<managed-bean-class>eredua.bean.QueryRideBean</managed-bean-class>
		<managed-bean-scope>session</managed-bean-scope>
	</managed-bean>
	<managed-bean>
		<managed-bean-name>selectMode</managed-bean-name>
		<managed-bean-class>eredua.bean.SelectModeBean</managed-bean-class>
		<managed-bean-scope>session</managed-bean-scope>
	</managed-bean>
	<navigation-rule>
		<display-name>SelectMode.xhtml</display-name>
		<from-view-id>/SelectMode.xhtml</from-view-id>
		<navigation-case>
			<from-outcome>create</from-outcome>
			<to-view-id>/CreateRideGUI.xhtml</to-view-id>
		</navigation-case>
	</navigation-rule>
	<navigation-rule>
		<display-name>SelectMode.xhtml</display-name>
		<from-view-id>/SelectMode.xhtml</from-view-id>
		<navigation-case>
			<from-outcome>query</from-outcome>
			<to-view-id>/QueryRideGUI.xhtml</to-view-id>
		</navigation-case>
	</navigation-rule>
	<navigation-rule>
		<display-name>QueryRideGUI.xhtml</display-name>
		<from-view-id>/QueryRideGUI.xhtml</from-view-id>
		<navigation-case>
			<from-outcome>back</from-outcome>
			<to-view-id>/SelectMode.xhtml</to-view-id>
		</navigation-case>
	</navigation-rule>
	<navigation-rule>
		<display-name>CreateRideGUI.xhtml</display-name>
		<from-view-id>/CreateRideGUI.xhtml</from-view-id>
		<navigation-case>
			<from-outcome>back</from-outcome>
			<to-view-id>/SelectMode.xhtml</to-view-id>
		</navigation-case>
	</navigation-rule>

</faces-config>
